CI_lower,CI_upper,p_value,mu_hat
0.550434931299047,0.749582405207719,0.0263671875000009,0.650698438834937
