CI_lower,CI_upper,p_value,mu_hat
0.571686625450355,0.645234769020712,0.00292968750000089,0.608077359093494
