CI_lower,CI_upper,p_value,mu_hat
0.825222284226113,0.905795400567891,0,0.876229050657685
