CI_lower,CI_upper,p_value,mu_hat
0.647731216880342,0.769250873157258,0.000305175781250888,0.708421691001956
