CI_lower,CI_upper,p_value,mu_hat
0.580700716755594,0.636889774168771,0.000427246093749112,0.608567469161193
