CI_lower,CI_upper,p_value,mu_hat
0.895804043752258,0.952538999889253,0,0.927967937959578
