CI_lower,CI_upper,p_value,mu_hat
0.621623642620357,0.79435009217278,0.000305175781249112,0.708421691001956
