CI_lower,CI_upper,p_value,mu_hat
0.568253491719558,0.647828234230365,0.000427246093750888,0.608567469161193
