CI_lower,CI_upper,p_value,mu_hat
0.835055400629667,0.923981094227086,6.10351562508882e-05,0.894626615549921
