CI_lower,CI_upper,p_value,mu_hat
0.706152051775756,0.900556467059305,4.49472195063194e-05,0.803910115274531
