CI_lower,CI_upper,p_value,mu_hat
0.607551385137554,0.703007766979413,0,0.657071228505089
